accessionNumber,accessionYear,systemNumber,objectType,_primaryTitle,_primaryPlace,_primaryMaker__name,_primaryMaker__association,_primaryDate,_primaryImageId,_sampleMaterial,_sampleTechnique,_sampleStyle,_currentLocation__displayName,_objectContentWarning,_imageContentWarning
S.1076-1996,1996.0,O1138401,Mug,Commemorative mug,Cornwall,"Leaper, Newlyn",makers,1962,2017KM6460,ceramic,ceramic,,In store,False,False
S.22-2007,2007.0,O134196,Mug,,Staffordshire,Unknown,,mid 19th century,2017KL4867,ceramic,ceramic,,In store,False,False
T.252C-1982,1982.0,O293319,Button,,Great Britain,Lucie Rie,designer and maker,1945-1948,2019MC0095,ceramic,forming,,In store,False,False
T.251T-1982,1982.0,O293339,Button,,Great Britain,Lucie Rie,designer and maker,1945-1948,2019MC0085,ceramic,forming,,In store,False,False
T.249X-1982,1982.0,O293416,Button,,Great Britain,Lucie Rie,designer and maker,1945-1948,2019MC0092,ceramic,forming,,In store,False,False
T.251D-1982,1982.0,O293354,Button,,Great Britain,Lucie Rie,designer and maker,1945-1948,2019MC0085,ceramic,forming,,In store,False,False
C.59-2009,2009.0,O1140219,Bowl,,United Kingdom,Unknown,,20th century,2009CP8748,ceramic,,,"Ceramics, Room 143, The Timothy Sainsbury Gallery",False,False
T.249K-1982,1982.0,O293429,Button,,Great Britain,Lucie Rie,designer and maker,1945-1948,2019MC0092,ceramic,forming,,In store,False,False
T.252D-1982,1982.0,O293318,Button,,Great Britain,Lucie Rie,designer and maker,1945-1948,2019MC0095,ceramic,forming,,In store,False,False
T.251N-1982,1982.0,O293344,Button,,Great Britain,Lucie Rie,designer and maker,1945-1948,2019MC0085,ceramic,forming,,In store,False,False
T.249AA-1982,1982.0,O293413,Button,,Great Britain,Lucie Rie,designer and maker,1945-1948,2019MC0092,ceramic,forming,,In store,False,False
T.249P-1982,1982.0,O293424,Button,,Great Britain,Lucie Rie,designer and maker,1945-1948,2019MC0092,ceramic,forming,,In store,False,False
T.249FF-1982,1982.0,O293408,Button,,Great Britain,Lucie Rie,designer and maker,1945-1948,2019MC0092,ceramic,forming,,In store,False,False
T.252MM-1982,1982.0,O293283,Button,,Great Britain,Lucie Rie,designer and maker,1945-1948,2019MC0095,ceramic,forming,,In store,False,False
T.252GG-1982,1982.0,O293289,Button,,Great Britain,Lucie Rie,designer and maker,1945-1948,2019MC0095,ceramic,forming,,In store,False,False
T.249NN-1982,1982.0,O293401,Button,,Great Britain,Lucie Rie,designer and maker,1945-1948,2019MC0092,ceramic,forming,,In store,False,False
T.249G-1982,1982.0,O293433,Button,,Great Britain,Lucie Rie,designer and maker,1945-1948,2019MC0092,ceramic,forming,,In store,False,False
T.249JJ-1982,1982.0,O293405,Button,,Great Britain,Lucie Rie,designer and maker,1945-1948,2019MC0092,ceramic,forming,,In store,False,False
E.192:1-2000,2000.0,O35122,Valentine,Love,Great Britain,Majolica Works,artist,1999,2010EG1965,Ceramic,Glazed,,"Prints & Drawings Study Room, level C",False,False
T.252OO-1982,1982.0,O293281,Button,,Great Britain,Lucie Rie,designer and maker,1945-1948,2019MC0095,ceramic,forming,,In store,False,False
T.250E-1982,1982.0,O293393,Button,,Great Britain,Lucie Rie,designer and maker,1945-1948,2019MC0089,ceramic,forming,,In store,False,False
T.249QQ-1982,1982.0,O293398,Button,,Great Britain,Lucie Rie,designer and maker,1945-1948,2019MC0092,ceramic,forming,,In store,False,False
WE.8116-2014,2014.0,O1744169,Vase,,Etruria,Josiah Wedgwood and Sons,Manufacturer,19th century,2023NH8333,ceramic,engine-turned,,in store,False,False
T.251II-1982,1982.0,O293325,Button,,Great Britain,Lucie Rie,designer and maker,1945-1948,2019MC0085,ceramic,forming,,In store,False,False
T.249Q-1982,1982.0,O293423,Button,,Great Britain,Lucie Rie,designer and maker,1945-1948,2019MC0092,ceramic,forming,,In store,False,False
T.250D-1982,1982.0,O286963,Button,,Great Britain,Lucie Rie,designer and maker,1945-1948,2019MC0089,ceramic,forming,,In store,False,False
T.1581:7-2017,2017.0,O1387822,heel,Shoes,England,Rayne,,1978,2017JV8670,ceramic,shoe-making,,In store,False,False
T.252B-1982,1982.0,O293320,Button,,Great Britain,Lucie Rie,designer and maker,1945-1948,2019MC0095,ceramic,forming,,In store,False,False
T.251S-1982,1982.0,O293340,Button,,Great Britain,Lucie Rie,designer and maker,1945-1948,2019MC0085,ceramic,forming,,In store,False,False
T.249V-1982,1982.0,O293418,Button,,Great Britain,Lucie Rie,designer and maker,1945-1948,2019MC0092,ceramic,forming,,In store,False,False
T.252K-1982,1982.0,O293311,Button,,Great Britain,Lucie Rie,designer and maker,1945-1948,2019MC0095,ceramic,forming,,In store,False,False
T.252U-1982,1982.0,O293301,Button,,Great Britain,Lucie Rie,designer and maker,1945-1948,2019MC0095,ceramic,forming,,In store,False,False
T.250BB-1982,1982.0,O293370,Button,,Great Britain,Lucie Rie,designer and maker,1945-1948,2019MC0089,ceramic,forming,,In store,False,False
T.249GG-1982,1982.0,O293407,Button,,Great Britain,Lucie Rie,designer and maker,1945-1948,2019MC0092,ceramic,forming,,In store,False,False
T.249C-1982,1982.0,O293436,Button,,Great Britain,Lucie Rie,designer and maker,1945-1948,2019MC0092,ceramic,forming,,In store,False,False
T.250NN-1982,1982.0,O293359,Button,,Great Britain,Lucie Rie,designer and maker,1945-1948,2019MC0089,ceramic,forming,,In store,False,False
T.250R-1982,1982.0,O293380,Button,,Great Britain,Lucie Rie,designer and maker,1945-1948,2019MC0089,ceramic,forming,,In store,False,False
T.252BB-1982,1982.0,O293294,Button,,Great Britain,Lucie Rie,designer and maker,1945-1948,2019MC0095,ceramic,forming,,In store,False,False
T.1581:6-2017,2017.0,O1386177,heel,Shoes,England,Rayne,,1978,2017JV8669,ceramic,shoe-making,,In store,False,False
T.249O-1982,1982.0,O293425,Button,,Great Britain,Lucie Rie,designer and maker,1945-1948,2019MC0092,ceramic,forming,,In store,False,False
T.252II-1982,1982.0,O293287,Button,,Great Britain,Lucie Rie,designer and maker,1945-1948,2019MC0095,ceramic,forming,,In store,False,False
T.252G-1982,1982.0,O293315,Button,,Great Britain,Lucie Rie,designer and maker,1945-1948,2019MC0095,ceramic,forming,,In store,False,False
T.251J-1982,1982.0,O293348,Button,,Great Britain,Lucie Rie,designer and maker,1945-1948,2019MC0085,ceramic,forming,,In store,False,False
T.249PP-1982,1982.0,O293399,Button,,Great Britain,Lucie Rie,designer and maker,1945-1948,2019MC0092,ceramic,forming,,In store,False,False
T.249L-1982,1982.0,O293428,Button,,Great Britain,Lucie Rie,designer and maker,1945-1948,2019MC0092,ceramic,forming,,In store,False,False
T.252KK-1982,1982.0,O293285,Button,,Great Britain,Lucie Rie,designer and maker,1945-1948,2019MC0095,ceramic,forming,,In store,False,False
T.249S-1982,1982.0,O293421,Button,,Great Britain,Lucie Rie,designer and maker,1945-1948,2019MC0092,ceramic,forming,,In store,False,False
T.249BB-1982,1982.0,O293412,Button,,Great Britain,Lucie Rie,designer and maker,1945-1948,2019MC0092,ceramic,forming,,In store,False,False
T.250H-1982,1982.0,O293390,Button,,Great Britain,Lucie Rie,designer and maker,1945-1948,2019MC0089,ceramic,forming,,In store,False,False
T.250W-1982,1982.0,O293375,Button,,Great Britain,Lucie Rie,designer and maker,1945-1948,2019MC0089,ceramic,forming,,In store,False,False
T.251P-1982,1982.0,O293342,Button,,Great Britain,Lucie Rie,designer and maker,1945-1948,2019MC0085,ceramic,forming,,In store,False,False
T.250EE-1982,1982.0,O293367,Button,,Great Britain,Lucie Rie,designer and maker,1945-1948,2019MC0089,ceramic,forming,,In store,False,False
T.249DD-1982,1982.0,O293410,Button,,Great Britain,Lucie Rie,designer and maker,1945-1948,2019MC0092,ceramic,forming,,In store,False,False
T.250HH-1982,1982.0,O293364,Button,,Great Britain,Lucie Rie,designer and maker,1945-1948,2019MC0089,ceramic,forming,,In store,False,False
T.251W-1982,1982.0,O293336,Button,,Great Britain,Lucie Rie,designer and maker,1945-1948,2019MC0085,ceramic,forming,,In store,False,False
T.252R-1982,1982.0,O293304,Button,,Great Britain,Lucie Rie,designer and maker,1945-1948,2019MC0095,ceramic,forming,,In store,False,False
T.251R-1982,1982.0,O293341,Button,,Great Britain,Lucie Rie,designer and maker,1945-1948,2019MC0085,ceramic,forming,,In store,False,False
T.249R-1982,1982.0,O293422,Button,,Great Britain,Lucie Rie,designer and maker,1945-1948,2019MC0092,ceramic,forming,,In store,False,False
T.252FF-1982,1982.0,O293290,Button,,Great Britain,Lucie Rie,designer and maker,1945-1948,2019MC0095,ceramic,forming,,In store,False,False
T.251A-1982,1982.0,O293357,Button,,Great Britain,Lucie Rie,designer and maker,1945-1948,2019MC0085,ceramic,forming,,In store,False,False
T.251F-1982,1982.0,O293352,Button,,Great Britain,Lucie Rie,designer and maker,1945-1948,2019MC0085,ceramic,forming,,In store,False,False
T.252A-1982,1982.0,O293321,Button,,Great Britain,Lucie Rie,designer and maker,1945-1948,2019MC0095,ceramic,forming,,In store,False,False
T.251I-1982,1982.0,O293349,Button,,Great Britain,Lucie Rie,designer and maker,1945-1948,2019MC0085,ceramic,forming,,In store,False,False
T.250N-1982,1982.0,O293384,Button,,Great Britain,Lucie Rie,designer and maker,1945-1948,2019MC0089,ceramic,forming,,In store,False,False
T.249OO-1982,1982.0,O293400,Button,,Great Britain,Lucie Rie,designer and maker,1945-1948,2019MC0092,ceramic,forming,,In store,False,False
T.252DD-1982,1982.0,O293292,Button,,Great Britain,Lucie Rie,designer and maker,1945-1948,2019MC0095,ceramic,forming,,In store,False,False
T.250L-1982,1982.0,O293386,Button,,Great Britain,Lucie Rie,designer and maker,1945-1948,2019MC0089,ceramic,forming,,In store,False,False
T.249EE-1982,1982.0,O293409,Button,,Great Britain,Lucie Rie,designer and maker,1945-1948,2019MC0092,ceramic,forming,,In store,False,False
T.250X-1982,1982.0,O293374,Button,,Great Britain,Lucie Rie,designer and maker,1945-1948,2019MC0089,ceramic,forming,,In store,False,False
T.252P-1982,1982.0,O293306,Button,,Great Britain,Lucie Rie,designer and maker,1945-1948,2019MC0095,ceramic,forming,,In store,False,False
T.252LL-1982,1982.0,O293284,Button,,Great Britain,Lucie Rie,designer and maker,1945-1948,2019MC0095,ceramic,forming,,In store,False,False
T.250G-1982,1982.0,O293391,Button,,Great Britain,Lucie Rie,designer and maker,1945-1948,2019MC0089,ceramic,forming,,In store,False,False
T.250FF-1982,1982.0,O293366,Button,,Great Britain,Lucie Rie,designer and maker,1945-1948,2019MC0089,ceramic,forming,,In store,False,False
T.252X-1982,1982.0,O293298,Button,,Great Britain,Lucie Rie,designer and maker,1945-1948,2019MC0095,ceramic,forming,,In store,False,False
T.249Y-1982,1982.0,O293415,Button,,Great Britain,Lucie Rie,designer and maker,1945-1948,2019MC0092,ceramic,forming,,In store,False,False
S.1017-1996,1996.0,O1138342,Figurine,19th century figurine,Italy,Unknown,makers,1875-1899,2017KC5918,ceramic,moulding,,In store,False,False
T.252Q-1982,1982.0,O293305,Button,,Great Britain,Lucie Rie,designer and maker,1945-1948,2019MC0095,ceramic,forming,,In store,False,False
T.249E-1982,1982.0,O293435,Button,,Great Britain,Lucie Rie,designer and maker,1945-1948,2019MC0092,ceramic,forming,,In store,False,False
T.252T-1982,1982.0,O293302,Button,,Great Britain,Lucie Rie,designer and maker,1945-1948,2019MC0095,ceramic,forming,,In store,False,False
T.252HH-1982,1982.0,O293288,Button,,Great Britain,Lucie Rie,designer and maker,1945-1948,2019MC0095,ceramic,forming,,In store,False,False
T.250-1982,1982.0,O293397,Button,,Great Britain,Lucie Rie,designer and maker,1945-1948,2019MC0089,ceramic,forming,,In store,False,False
T.251V-1982,1982.0,O293337,Button,,Great Britain,Lucie Rie,designer and maker,1945-1948,2019MC0085,ceramic,forming,,In store,False,False
T.251E-1982,1982.0,O293353,Button,,Great Britain,Lucie Rie,designer and maker,1945-1948,2019MC0085,ceramic,forming,,In store,False,False
T.250K-1982,1982.0,O293387,Button,,Great Britain,Lucie Rie,designer and maker,1945-1948,2019MC0089,ceramic,forming,,In store,False,False
T.251G-1982,1982.0,O293351,Button,,Great Britain,Lucie Rie,designer and maker,1945-1948,2019MC0085,ceramic,forming,,In store,False,False
T.251H-1982,1982.0,O293350,Button,,Great Britain,Lucie Rie,designer and maker,1945-1948,2019MC0085,ceramic,forming,,In store,False,False
691B-1877,1877.0,O211379,Fragment,,Iran,Unknown,,,2017KN2613,ceramic,,,In store,False,False
T.252AA-1982,1982.0,O293295,Button,,Great Britain,Lucie Rie,designer and maker,1945-1948,2019MC0095,ceramic,forming,,In store,False,False
T.250Q-1982,1982.0,O293381,Button,,Great Britain,Lucie Rie,designer and maker,1945-1948,2019MC0089,ceramic,forming,,In store,False,False
T.249LL-1982,1982.0,O293403,Button,,Great Britain,Lucie Rie,designer and maker,1945-1948,2019MC0092,ceramic,forming,,In store,False,False
T.251O-1982,1982.0,O293343,Button,,Great Britain,Lucie Rie,designer and maker,1945-1948,2019MC0085,ceramic,forming,,In store,False,False
T.251L-1982,1982.0,O293346,Button,,Great Britain,Lucie Rie,designer and maker,1945-1948,2019MC0085,ceramic,forming,,In store,False,False
S.1089-1996,1996.0,O1138414,Ashtray,Ashtray,Cambridge,Abington Pottery,makers,1900-1990,2017KM6454,Ceramic,,,In store,False,False
T.251CC-1982,1982.0,O293331,Button,,Great Britain,Lucie Rie,designer and maker,1945-1948,2019MC0085,ceramic,forming,,In store,False,False
T.252L-1982,1982.0,O293310,Button,,Great Britain,Lucie Rie,designer and maker,1945-1948,2019MC0095,ceramic,forming,,In store,False,False
C.155-1938,1938.0,O113345,Figure of monkey,Monkey,China,Unknown,,11th century - 12th century,2008BR9689,ceramic,,Jin,"Ceramics, Room 145",False,False
T.250CC-1982,1982.0,O293369,Button,,Great Britain,Lucie Rie,designer and maker,1945-1948,2019MC0089,ceramic,forming,,In store,False,False
T.251KK-1982,1982.0,O293323,Button,,Great Britain,Lucie Rie,designer and maker,1945-1948,2019MC0085,ceramic,forming,,In store,False,False
T.251DD-1982,1982.0,O293330,Button,,Great Britain,Lucie Rie,designer and maker,1945-1948,2019MC0085,ceramic,forming,,In store,False,False
T.252M-1982,1982.0,O293309,Button,,Great Britain,Lucie Rie,designer and maker,1945-1948,2019MC0095,ceramic,forming,,In store,False,False
T.1581:8-2017,2017.0,O1387823,heel,Shoes,England,Rayne,,1978,2017JV8671,ceramic,shoe-making,,In store,False,False
T.251JJ-1982,1982.0,O293324,Button,,Great Britain,Lucie Rie,designer and maker,1945-1948,2019MC0085,ceramic,forming,,In store,False,False
T.251Z-1982,1982.0,O293334,Button,,Great Britain,Lucie Rie,designer and maker,1945-1948,2019MC0085,ceramic,forming,,In store,False,False
T.250MM-1982,1982.0,O293360,Button,,Great Britain,Lucie Rie,designer and maker,1945-1948,2019MC0089,ceramic,forming,,In store,False,False
T.250P-1982,1982.0,O293382,Button,,Great Britain,Lucie Rie,designer and maker,1945-1948,2019MC0089,ceramic,forming,,In store,False,False
T.250I-1982,1982.0,O293389,Button,,Great Britain,Lucie Rie,designer and maker,1945-1948,2019MC0089,ceramic,forming,,In store,False,False
T.252W-1982,1982.0,O293299,Button,,Great Britain,Lucie Rie,designer and maker,1945-1948,2019MC0095,ceramic,forming,,In store,False,False
T.251C-1982,1982.0,O293355,Button,,Great Britain,Lucie Rie,designer and maker,1945-1948,2019MC0085,ceramic,forming,,In store,False,False
T.250M-1982,1982.0,O293385,Button,,Great Britain,Lucie Rie,designer and maker,1945-1948,2019MC0089,ceramic,forming,,In store,False,False
T.250A-1982,1982.0,O293396,Button,,Great Britain,Lucie Rie,designer and maker,1945-1948,2019MC0089,ceramic,forming,,In store,False,False
T.250T-1982,1982.0,O293378,Button,,Great Britain,Lucie Rie,designer and maker,1945-1948,2019MC0089,ceramic,forming,,In store,False,False
T.250C-1982,1982.0,O293394,Button,,Great Britain,Lucie Rie,designer and maker,1945-1948,2019MC0089,ceramic,forming,,In store,False,False
T.249B-1982,1982.0,O293437,Button,,Great Britain,,,1945-1948,2019MC0092,ceramic,forming,,In store,False,False
T.249W-1982,1982.0,O293417,Button,,Great Britain,Lucie Rie,designer and maker,1945-1948,2019MC0092,ceramic,forming,,In store,False,False
T.250LL-1982,1982.0,O293361,Button,,Great Britain,Lucie Rie,designer and maker,1945-1948,2019MC0089,ceramic,forming,,In store,False,False
691A-1877,1877.0,O211374,Fragment,,Iran,Unknown,,,2017KN2610,ceramic,,,In store,False,False
T.251BB-1982,1982.0,O293332,Button,,Great Britain,Lucie Rie,designer and maker,1945-1948,2019MC0085,ceramic,forming,,In store,False,False
T.252CC-1982,1982.0,O293293,Button,,Great Britain,Lucie Rie,designer and maker,1945-1948,2019MC0095,ceramic,forming,,In store,False,False
T.249CC-1982,1982.0,O293411,Button,,Great Britain,Lucie Rie,designer and maker,1945-1948,2019MC0092,ceramic,forming,,In store,False,False
T.252Z-1982,1982.0,O293296,Button,,Great Britain,Lucie Rie,designer and maker,1945-1948,2019MC0095,ceramic,forming,,In store,False,False
T.250II-1982,1982.0,O293363,Button,,Great Britain,Lucie Rie,designer and maker,1945-1948,2019MC0089,ceramic,forming,,In store,False,False
T.250B-1982,1982.0,O293395,Button,,Great Britain,Lucie Rie,designer and maker,1945-1948,2019MC0089,ceramic,forming,,In store,False,False
T.250DD-1982,1982.0,O293368,Button,,Great Britain,Lucie Rie,designer and maker,1945-1948,2019MC0089,ceramic,forming,,In store,False,False
FE.79-1997,1997.0,O69711,Mug,,Hong Kong,ProImage Ltd,designer and maker,1997,2010EA0406,ceramic,,,"Ceramics, Room 137, The Curtain Foundation Gallery",False,False
T.251GG-1982,1982.0,O293327,Button,,Great Britain,Lucie Rie,designer and maker,1945-1948,2019MC0085,ceramic,forming,,In store,False,False
T.250Y-1982,1982.0,O293373,Button,,Great Britain,Lucie Rie,designer and maker,1945-1948,2019MC0089,ceramic,forming,,In store,False,False
T.249J-1982,1982.0,O293430,Button,,Great Britain,Lucie Rie,designer and maker,1945-1948,2019MC0092,ceramic,forming,,In store,False,False
T.249KK-1982,1982.0,O293404,Button,,Great Britain,Lucie Rie,designer and maker,1945-1948,2019MC0092,ceramic,forming,,In store,False,False
T.252J-1982,1982.0,O293312,Button,,Great Britain,Lucie Rie,designer and maker,1945-1948,2019MC0095,ceramic,forming,,In store,False,False
A.28-2009,2009.0,O1137981,Mosaic,Raphael,Great Britain,"Moody, Francis Wollaston",designer,ca. 1870,,ceramic,mosaic,,In store,False,False
T.250GG-1982,1982.0,O293365,Button,,Great Britain,Lucie Rie,designer and maker,1945-1948,2019MC0089,ceramic,forming,,In store,False,False
C.56-2009,2009.0,O1140216,Bowl,,United Kingdom,Unknown,,20th century,2009CP8748,ceramic,,,"Ceramics, Room 143, The Timothy Sainsbury Gallery",False,False
B.27-2021,2021.0,O1547092,piggy bank,Annabel,Stoke-on-Trent (city),Alan Maslankowski,modeller,1980s,,ceramic,,,In store,False,False
W.11-2022,2022.0,O1713795,Table lamp,Table lamp,London,"Hitchins, Ron",Maker,mid to late 20th century,,Wood,ceramic process,,In store,False,False
A.14-2009,2009.0,O1137966,Mosaic, Pietro Torrigiano,Great Britain,"Yeames, William Frederick",designer,ca. 1867,2011EV8209,ceramic,mosaic,,In store,False,False
T.248N-1982,1982.0,O293469,Button,,London,Lucie Rie,designer and maker,1945-1948,2014HJ2224,ceramic,forming,,In store,False,False
T.248O-1982,1982.0,O293468,Button,,London,Lucie Rie,designer and maker,1945-1948,2014HJ2224,ceramic,forming,,In store,False,False
T.248BB-1982,1982.0,O293455,Button,,London,Lucie Rie,designer and maker,1945-1948,2014HJ2224,ceramic,forming,,In store,False,False
T.248II-1982,1982.0,O293449,Button,,London,Lucie Rie,designer and maker,1945-1948,2014HJ2224,ceramic,forming,,In store,False,False
T.251Q-1982,1982.0,O286962,Button,,Great Britain,Lucie Rie,designer and maker,1945-1948,2019MC0085,ceramic,forming,,In store,False,False
FE.49-1994,1994.0,O22249,Plaque,Solhwaso (Narrative),Korea,"Wu, Kwan-ho",made,1991,2006BC8879,ceramic,throwing (pottery technique),,In store,False,False
C.123:1 to 17-2011,2011.0,O1242476,Installation,Elegy,Stoke-on-Trent,"Brownsword, Neil",maker,2009,2014GW4253,Ceramic,,,In store,False,False
T.248X-1982,1982.0,O293459,Button,,London,Lucie Rie,designer and maker,1945-1948,2014HJ2224,ceramic,forming,,In store,False,False
WE.8114-2014,2014.0,O1744167,Bulb pot,,Etruria,Josiah Wedgwood and Sons,Manufacturer,19th century,2023NH8326,ceramic,glazing,,in store,False,False
T.248GG-1982,1982.0,O293451,Button,,London,Lucie Rie,designer and maker,1945-1948,2014HJ2224,ceramic,forming,,In store,False,False
T.248NN-1982,1982.0,O293444,Button,,London,Lucie Rie,designer and maker,1945-1948,2014HJ2224,ceramic,forming,,In store,False,False
T.248T-1982,1982.0,O293463,Button,,London,Lucie Rie,designer and maker,1945-1948,2014HJ2224,ceramic,forming,,In store,False,False
T.248C-1982,1982.0,O293480,Button,,London,Lucie Rie,designer and maker,1945-1948,2014HJ2224,ceramic,forming,,In store,False,False
T.248MM-1982,1982.0,O293445,Button,,London,Lucie Rie,designer and maker,1945-1948,2014HJ2224,ceramic,forming,,In store,False,False
A.17-2009,2009.0,O1137969,Mosaic,Donatello,Great Britain,"Redgrave, Richard (CB, RA, ARA)",painter,ca. 1866,,ceramic,mosaic,,In store,False,False
B.28-2021,2021.0,O1547093,piggy bank,Maxwell,Stoke-on-Trent (city),Alan Maslankowski,modeller,1980s,,ceramic,,,In store,False,False
T.248P-1982,1982.0,O293467,Button,,London,Lucie Rie,designer and maker,1945-1948,2014HJ2224,ceramic,forming,,In store,False,False
T.248EE-1982,1982.0,O293453,Button,,London,Lucie Rie,designer and maker,1945-1948,2014HJ2224,ceramic,forming,,In store,False,False
A.25-2009,2009.0,O1137978,Mosaic,Titian,Great Britain,"Watts, George Frederick (OM, RA)",designer,ca. 1869,2011EV8208,ceramic,mosaic,,In store,False,False
A.22-2009,2009.0,O1137975,Mosaic,William Torel,Great Britain,"Burchett, Richard",designer,ca. 1869,,ceramic,mosaic,,In store,False,False
T.248K-1982,1982.0,O293472,Button,,London,Lucie Rie,designer and maker,1945-1948,2014HJ2224,ceramic,forming,,In store,False,False
A.20-2009,2009.0,O1137973,Mosaic,Inigo Jones,Great Britain,"Morgan, Alfred",designer,ca. 1868,,ceramic,mosaic,,In store,False,False
T.248I-1982,1982.0,O293474,Button,,London,Lucie Rie,designer and maker,1945-1948,2014HJ2224,ceramic,forming,,In store,False,False
B.30-2021,2021.0,O1547097,piggy bank,Sir Nathaniel Westminster,Stoke-on-Trent (city),Alan Maslankowski,modeller,1980s,,ceramic,,,In store,False,False
T.248FF-1982,1982.0,O293452,Button,,London,Lucie Rie,designer and maker,1945-1948,2014HJ2224,ceramic,forming,,In store,False,False
B.26-2021,2021.0,O1547089,piggy bank,Woody,Stoke-on-Trent (city),Alan Maslankowski,modeller,1980s,,ceramic,,,In Store,False,False
T.248G-1982,1982.0,O293476,Button,,London,Lucie Rie,designer and maker,1945-1948,2014HJ2224,ceramic,forming,,In store,False,False
WE.8117-2014,2014.0,O1744170,Oil lamp,,,,,18th century to 19th century,2023NH8334,ceramic,glazing,,in store,False,False
T.248Z-1982,1982.0,O293457,Button,,London,Lucie Rie,designer and maker,1945-1948,2014HJ2224,ceramic,forming,,In store,False,False
B.229-2012,2012.0,O1263663,Large Marble,,England,Unknown,Maker,Late Nineteenth Century,2016JC9619,ceramic,painting,,In store,False,False
W.9-2022,2022.0,O1713793,Four poster cat bed,Four poster cat bed,London,"Hitchins, Ron",Designer,mid to late 20th century,,Wood,ceramic process,,In store,False,False
E.891-1997,1997.0,O155108,Photograph,Group Portrait of Three Ladies,England,"Barnett, Henry Walter",photographer,1901,,ceramic,photography,,In store,False,False
T.250F-1982,1982.0,O293392,Button,,Great Britain,Lucie Rie,designer and maker,1945-1948,2019MC0089,ceramic,forming,,In store,False,False
T.248JJ-1982,1982.0,O293448,Button,,London,Lucie Rie,designer and maker,1945-1948,2014HJ2224,ceramic,forming,,In store,False,False
FE.17-2007,2007.0,O173003,Water dropper,,Vietnam,Unknown,,ca. 1725,2009CC4907,ceramic,fired,Qing,"Ceramics, Room 145",False,False
A.23-2009,2009.0,O1137976,Mosaic,Leonardo da Vinci,Great Britain,"Tenniel, John (Sir)",designer,ca. 1869,,ceramic,mosaic,,In store,False,False
T.248A-1982,1982.0,O293482,Button,,London,Lucie Rie,designer and maker,1945-1948,2014HJ2224,ceramic,forming,,In store,False,False
T.248R-1982,1982.0,O293465,Button,,London,Lucie Rie,designer and maker,1945-1948,2014HJ2224,ceramic,forming,,In store,False,False
T.248S-1982,1982.0,O293464,Button,,London,Lucie Rie,designer and maker,1945-1948,2014HJ2224,ceramic,forming,,In store,False,False
T.248Y-1982,1982.0,O293458,Button,,London,Lucie Rie,designer and maker,1945-1948,2014HJ2224,ceramic,forming,,In store,False,False
A.21-2009,2009.0,O1137974,Mosaic,William Mulready,Great Britain,"Barwell, Frederick Bacon",designer,ca. 1868,,ceramic,mosaic,,In store,False,False
T.248L-1982,1982.0,O293471,Button,,London,Lucie Rie,designer and maker,1945-1948,2014HJ2224,ceramic,forming,,In store,False,False
T.248DD-1982,1982.0,O293454,Button,,London,Lucie Rie,designer and maker,1945-1948,2014HJ2224,ceramic,forming,,In store,False,False
CIRC.1281-1923,1923.0,O430331,Tile,,Panjab,Unknown,,ca. 1650,2010EK6618,ceramic,glaze,Mughal,"Ceramics, Room 137, The Curtain Foundation Gallery",False,False
T.248F-1982,1982.0,O293477,Button,,London,Lucie Rie,designer and maker,1945-1948,2014HJ2224,ceramic,forming,,In store,False,False
T.248HH-1982,1982.0,O293450,Button,,London,Lucie Rie,designer and maker,1945-1948,2014HJ2224,ceramic,forming,,In store,False,False
A.26-2009,2009.0,O1137979,Mosaic,Sir Christopher Wren,Great Britain,"Crowe, Eyre",designer,ca. 1869,,ceramic,mosaic,,"British Galleries, Room 126",False,False
T.248KK-1982,1982.0,O293447,Button,,London,Lucie Rie,designer and maker,1945-1948,2014HJ2224,ceramic,forming,,In store,False,False
A.32:1to 2-2013,2013.0,O1277429,mosaic,Ghiberti,Great Britain,"Fisk, William Henry",painter,c. 1870,,ceramic,mosaic,,In store,False,False
T.248Q-1982,1982.0,O293466,Button,,London,Lucie Rie,designer and maker,1945-1948,2014HJ2224,ceramic,forming,,In store,False,False
T.248U-1982,1982.0,O293462,Button,,London,Lucie Rie,designer and maker,1945-1948,2014HJ2224,ceramic,forming,,In store,False,False
WE.8118-2014,2014.0,O1744171,Vase,,Etruria,Josiah Wedgwood and Sons,Manufacturer,18th century,2023NH8338,ceramic,glazing,,in store,False,False
T.248W-1982,1982.0,O293460,Button,,London,Lucie Rie,designer and maker,1945-1948,2014HJ2224,ceramic,forming,,In store,False,False
T.248AA-1982,1982.0,O293456,Button,,London,Lucie Rie,designer and maker,1945-1948,2014HJ2224,ceramic,forming,,In store,False,False
T.248B-1982,1982.0,O293481,Button,,London,Lucie Rie,designer and maker,1945-1948,2014HJ2224,ceramic,forming,,In store,False,False
B.297:1 to 9-2012,2012.0,O1257382,Miniature Teaset,,England,gemma,makers,ca. 1900,,ceramic,,,In Store,False,False
CIRC.34-1977,1977.0,O172117,Panel,One Step On,England,"Anderson, Sally",designer,ca. 1976,2009CA0539,ceramic,painted,,In store,False,False
T.248OO-1982,1982.0,O293443,Button,,London,Lucie Rie,designer and maker,1945-1948,2014HJ2224,ceramic,forming,,In store,False,False
CIRC.39-1977,1977.0,O172128,Panel,One Step On,England,"Anderson, Sally",designer,ca. 1976,2009CA0552,ceramic,painted,,In store,False,False
C.75-2014,2014.0,O1278147,Sculpture,Bottle Green Republic,Cologne,"Deacon, Richard",maker,2009,2014GY3056,ceramic,glazed,,"Ceramics, Room 139, The Curtain Foundation Gallery",False,False
B.314:1-2012,2012.0,O1257399,Miniature Teapot,,England,,,,,ceramic,,,In Store,False,False
CIRC.36-1977,1977.0,O172139,Panel,One Step On,England,"Anderson, Sally",designer,ca. 1976,2009CA0555,ceramic,painted,,In store,False,False
CIRC.37-1977,1977.0,O172134,Panel,One Step On,England,"Anderson, Sally",designer,ca. 1976,2009CA0553,ceramic,painted,,In store,False,False
FE.42-2019,2019.0,O1485187,Spoon,NC18. Inner Wave,Korea,"Jeon, Jinhyun",designed and made by,2012,,ceramic,,,In store,False,False
CIRC.590W-1963,1963.0,O253564,Tile,Dimex wall tiles,,"Caddy, Michael",designers,,2011EV2137,ceramic glaze,,,In store,False,False
CIRC.113-1965,1965.0,O308005,Wash basin,Sola wash basin,,"Stanley Ellis, E",designers,20th century,2019MH3112,ceramic,,,In store,False,False
CIRC.16 to B-1966,1966.0,O308004,Bathroom suite,Sola bathroom suite,,"Stanley Ellis, E",designer,20th century,2019MH3110,ceramic,,,in store,False,False
CIRC.38-1977,1977.0,O172138,Panel,One Step On,England,"Anderson, Sally",designer,ca. 1976,2009CA0551,ceramic,painted,,In store,False,False
FE.39-2019,2019.0,O1484161,New ceramic spoon,NC18. Front Volume,Korea,"Jeon, Jinhyun",designed and made by,2012,,ceramic,,,In store,False,False
CIRC.35-1977,1977.0,O172132,Panel,One Step On,England,"Anderson, Sally",designer,ca. 1976,2009CA0554,ceramic,painted,,In store,False,False
B.310:1 to 9-2012,2012.0,O1257395,Miniature Teaset,,England,,,,,ceramic,,,In Store,False,False
S.857-1981,1981.0,O1501757,Plate,The Beatles Snack Plate,Hanley,Washington Pottery,made,1960s,2020MT0768,ceramic,,,In store,False,False
CIRC.395-1967,1967.0,O308003,Wash basin,'Barbican' hand rinse basin (model 14008),Stoke-on-Trent,Michael Hohmann,designer,ca.1967,2012FG1564,ceramic,,,"Design 1900 to Now, Room 74",False,False
CIRC.33-1977,1977.0,O172116,Panel,One Step On,England,"Anderson, Sally",designer,ca. 1976,2009CA0676,ceramic,painted,,In store,False,False
S.2061-1986,1986.0,O109788,Figurine,John Liston as Van Dunder,Derby,Robert Bloor & Co.,makers,ca.1830,2006AB9030,ceramic,moulding,,In store,False,False
S.1081-1996,1996.0,O122954,Bust,"Bust, probably of David Garrick",Staffordshire,Unknown,makers,late 18th century - early 19th century,2006AB9094,ceramic,moulding,,In store,False,False
S.1004-1996,1996.0,O1138329,Figurine,John Liston as Lubin Log,Staffordshire,unknown,makers,ca. 1840,2017KC5921,ceramic,moulding,,In store,False,False
S.13-2020,2020.0,O1520168,Plate,Vivien Leigh as Lady Macbeth,Great Britain,"McBean, Angus",photographers,2019,2020ML3681,ceramic,,,In store,False,False
S.947-1996,1996.0,O117290,Figurine,John Liston as Paul Pry,Staffordshire,Unknown,makers,ca.1840,2006AB9026,ceramic,moulding,,In store,False,False
B.296:1 to 8-2012,2012.0,O1257381,Miniature Teaset,,England,Gemma,makers,ca. 1900,,ceramic,,,In Store,False,False
T.94-2017,2017.0,O1379201,Shoe,Shoes,England,Rayne,,1950s,2017JV7740,leather,shoe-making,,In store,False,False
CIRC.81-1977,1977.0,O172235,Ashtray,,England,"Uglow, Helena",designer,ca. 1976,2009CA1783,ceramic,glazed,,in store,False,False
T.193-1993,1993.0,O257997,Button card,,Great Britain,"Rafferty, Trisha",designer,1990,2019MC5799,ceramic,,,In store,False,False
S.953-1996,1996.0,O117597,Figurine,John Liston as Paul Pry,Staffordshire,Unknown,makers,ca.1840,2006AB9136,ceramic,moulding,,In store,False,False
CIRC.32-1977,1977.0,O172107,Panel,One Step On,England,"Anderson, Sally",designer,ca. 1976,2009CA0448,ceramic,painted,,In store,False,False
S.1083-1996,1996.0,O122813,Bust,"Bust, probably of Sarah Siddons",Staffordshire,Unknown,makers,mid 19th century,2006AB9268,ceramic,moulding,,In store,False,False
C.78-2009,2009.0,O1140239,Vase,,London,"Rie, Lucie",maker,20th century,2009CP8748,ceramic,,,"Ceramics, Room 143, The Timothy Sainsbury Gallery",False,False
T.91-2017,2017.0,O1379196,Shoe,Shoes,England,Rayne,,1950s,2017JV7735,leather,shoe-making,,In store,False,False
S.993-1996,1996.0,O117599,Figurine,John Liston as Paul Pry,Staffordshire,Unknown,makers,ca.1840,2006AB9259,ceramic,moulding,,In store,False,False
S.324-1981,1981.0,O120675,Jug,Charlie Chaplin,Great Britain,Unknown,makers,20th century,2006AB9157,ceramic,moulding,,In store,False,False
T.93-2017,2017.0,O1379198,Shoe,Shoes,England,Rayne,,1950s,2017JV7737,leather,shoe-making,,In store,False,False
CIRC.81A-1977,1977.0,O172238,Ashtray,,England,"Uglow, Helena",designer,ca. 1976,2009CA1781,ceramic,glazed,,in store,False,False
S.2062-1986,1986.0,O1113659,Figurine,John Liston as Paul Pry,Derby,Robert Bloor & Co.,makers,ca. 1830,2006AH0648,ceramic,moulding,,In store,False,False
WE.8113-2014,2014.0,O1744166,Plate,,,,,31-May-74,2023NH8323,ceramic,glazing,,in store,False,False
"B.308:1, 2-2012",2012.0,O1257393,Miniature Teaset,,England,,,,,ceramic,,,In Store,False,False
B.312:1 to 10-2012,2012.0,O1257397,Miniature Teaset,,England,,,,,ceramic,glazed,,In Store,False,False
A.11-2009,2009.0,O1137963,Mosaic,Fra Angelico,Great Britain,"Cope, Charles West (RA)",designer,ca. 1866,,ceramic,mosaic,,In store,False,False
B.12-2017,2017.0,O1387387,money box,,France,unknown,makers,1950s,2018LC6573,ceramic,glazing,,In Store,False,False
T.87-2017,2017.0,O1379192,Shoe,Shoes,England,Rayne,,1950s,2017JV7728,leather,shoe-making,,In store,False,False
T.90-2017,2017.0,O1379195,Shoe,Shoes,England,Rayne,,1950s,2017JV7733,leather,shoe-making,,In store,False,False
T.86-2017,2017.0,O1379191,Shoe ,Shoes,England,Rayne,,1950s,2017JV7726,leather,shoe-making,,In store,False,False
T.389-2017,2017.0,O1380138,shoe,Shoes,England,Rayne,,1970s,2017JU7594,leather,shoe-making,,In store,False,False
WE.8111-2014,2014.0,O1744164,Plate,,,,,31-May-74,2023NH8319,ceramic,glazing,,in store,False,False
B.305:1-2012,2012.0,O1257390,Miniature Teaset,,England,Unknown,Maker,Early Twentieth Century,,ceramic,painting,,In Store,False,False
WE.8109-2014,2014.0,O1744841,Bulb pot,,Etruria,Josiah Wedgwood and Sons,Manufacturer,18th century to 19th century,,ceramic,glazing,,in store,False,False
"353&A, B-1906",1906.0,O341333,Fragment,,Turkey,Unknown,made,1200-1300,,ceramic,enamelling,,In store,False,False
B.311:1 to 5-2012,2012.0,O1257396,Miniature Teaset,,England,,,,,ceramic,,,In Store,False,False
CIRC.77&A-1977,1977.0,O172225,Lamp base and lampshade,Mars,England,"Hunt, Martin",designer,ca. 1970,2009BY9703,ceramic,glazed,,in store,False,False
S.141-2013,2013.0,O1278685,Award,,England,Theatreroom,awarded by,05/1983,,ceramic,throwing,,In store,False,False
CIRC.76-1977,1977.0,O172223,Lamp,Vulcan,England,"Hunt, Martin",designer,ca. 1970,2009BY9700,ceramic,glazed,,In store,False,False
M.1290-1944,1944.0,O123265,Bottle ticket,,London,Unknown,,1878-1879,2010EG2828,silver,,,In store,False,False
T.462&A-1974,1974.0,O139183,Dressing gown,,France,Helene Yrande,designer,1938,,wool,,,In store,False,False
C.83-2009,2009.0,O1140241,Dish,,London,"Rie, Lucie",maker,20th century,2009CP8748,metal,,,"Ceramics, Room 143, The Timothy Sainsbury Gallery",False,False
T.405-2017,2017.0,O1379955,shoe,Shoes,England,Rayne,,1970s,2017JU8796,leather,shoe-making,,In store,False,False
CIRC.79&A-1977,1977.0,O172230,Lamp base and lampshade,Neptune,England,"Hunt, Martin",designer,ca. 1970,2009BY9699,ceramic,glazed,,In store,False,False
C.48-2009,2009.0,O1140208,Bowl,,United Kingdom,Unknown,,20th century,2009CP8748,ceramic,,,"Ceramics, Room 143, The Timothy Sainsbury Gallery",False,False
WE.8110-2014,2014.0,O1744163,Plate,,,,,31 May 1974,2023NH8317,ceramic,glazing,,in store,False,False
WE.8112-2014,2014.0,O1744165,Plate,,,,,31-May-74,2023NH8321,ceramic,glazing,,in store,False,False
S.2060-1986,1986.0,O120524,Figurine,Madame Vestris,Derby,Robert Bloor & Co.,makers,ca.1830,2017KC5908,ceramic,moulding,,In store,False,False
C.51-2009,2009.0,O1140211,Bowl,,United Kingdom,Unknown,,20th century,2009CP8748,clay,,,"Ceramics, Room 143, The Timothy Sainsbury Gallery",False,False
1244-1876,1876.0,O122266,Dish,,Iran,Unknown,,ca. 1694-1722,2006BG9451,ceramic,painted,Safavid,"Ceramics, Room 137, The Curtain Foundation Gallery",False,False
"B.313:1, 2-2012",2012.0,O1257398,Miniature Teapot,,England,,,,,ceramic,,,In Store,False,False
C.61-2009,2009.0,O1140221,Bowl,,United Kingdom,Unknown,,20th century,2009CP8748,clay,,,"Ceramics, Room 143, The Timothy Sainsbury Gallery",False,False
C.46-2009,2009.0,O1140206,Bowl,,United Kingdom,Unknown,,20th century,2009CP8748,ceramic,,,"Ceramics, Room 143, The Timothy Sainsbury Gallery",False,False
C.52-2009,2009.0,O1140212,Bowl,,United Kingdom,Unknown,,20th century,2009CP8748,clay,,,"Ceramics, Room 143, The Timothy Sainsbury Gallery",False,False
T.390-2017,2017.0,O1380139,shoe,Shoes,England,Rayne,,1970s,2017JU7614,leather,shoe-making,,In store,False,False
WE.8268-2014,2014.0,O1744869,Tile,,,,,19th century,,ceramic,hand-painted,,in store,False,False
T.191-1990,1990.0,O367451,Belt,,Great Britain,Unknown,,ca. 1955,2019MB2825,leather,,,In store,False,False
1273-1876,1876.0,O122273,Dish,,Iran,Unknown,,ca. 1642-1666,2006BC6713,ceramic,painted,Safavid,"Ceramics, Room 137, The Curtain Foundation Gallery",False,False
T.560-2017,2017.0,O1379868,shoe,Shoes,England,Rayne,,1978,2017JU9355,leather,shoe-making,,In store,False,False
C.49:1-1995,1995.0,O10569,Cup and saucer,,Corning,Corning,designed and made,before 1970,2006AV9158,glass,moulded,,in store,False,False
2767-1876,1876.0,O122412,Dish,,Iran,Unknown,,1694-1722,2006BG9453,ceramic,,Safavid,"Ceramics, Room 137, The Curtain Foundation Gallery",False,False
C.53-2009,2009.0,O1140213,Bowl,,United Kingdom,Unknown,,20th century,2009CP8748,clay,,,"Ceramics, Room 143, The Timothy Sainsbury Gallery",False,False
2717-1876,1876.0,O122278,Plate,,Iran,Unknown,,1666-1694,2006BG5667,ceramic,painted,Safavid,"Ceramics, Room 137, The Curtain Foundation Gallery",False,False
FE.18-2007,2007.0,O182662,Water dropper,,Vietnam,Unknown,,ca. 1725,2009CC4906,ceramic,fired,Qing,"Ceramics, Room 145",False,False
C.50-2009,2009.0,O1140210,Bowl,,United Kingdom,Unknown,,20th century,2009CP8748,clay,,,"Ceramics, Room 143, The Timothy Sainsbury Gallery",False,False
T.379-2017,2017.0,O1380127,shoe,Shoes,England,Rayne,,1978,2017JU6866,leather,shoe-making,,In store,False,False
C.13-1951,1951.0,O137874,Salt,Salt dish,Jingdezhen,Unknown,,1760-1770,2008BV1483,ceramic,enamelling,Qing,In store,False,False
"T.292:1, 2-1979",1979.0,O318312,Needlecase,,England,Unknown,,19th century,2017JX6810,ceramic,painted,,,False,False
T.574-2017,2017.0,O1379854,shoe,Shoes,England,Rayne,,1978,2017JU9537,leather,shoe-making,,In store,False,False
"T.472:1,2-2017",2017.0,O1380023,shoes,Shoes,England,Rayne,,1970s,2017JU9466,leather,shoe-making,,In store,False,False
T.572-2017,2017.0,O1379856,shoe,Shoes,England,Rayne,,1978,2017JU9524,leather,shoe-making,,In store,False,False
FE.10-2007,2007.0,O172872,Brush rest,,Vietnam,Unknown,,ca. 1725,2008BT2469,ceramic,fired,Qing,"Ceramics, Room 145",False,False
240-1884,1884.0,O122721,Dish,,Iran,Unknown,,1694-1722,2019LX8427,ceramic,painted,Safavid,In store,False,False
2809-1876,1876.0,O122421,Dish,,Iran,Unknown,,1642-1666,2006BG5671,ceramic,painted,Safavid,"Ceramics, Room 137, The Curtain Foundation Gallery",False,False
S.978-1982,1982.0,O1501755,Beatles Ceramic bowl,Beatles Ceramic bowl,Hanley,Washington Pottery,made,1960s,2020MT0764,ceramic,,,In store,False,False
612-1889,1889.0,O122427,Vase,,Iran,Unknown,,ca. 1665-1695,2006BG9445,ceramic,painted,Safavid,"Ceramics, Room 137, The Curtain Foundation Gallery",False,False
2500-1876,1876.0,O122275,Bottle,,Iran,Unknown,,1642-1666,2006BG5669,ceramic,painted,Safavid,"Ceramics, Room 137, The Curtain Foundation Gallery",False,False
FE.16-2007,2007.0,O173000,Spoon,,Vietnam,Unknown,,ca.1725,2008BT0098,ceramic,fired,Qing,"Ceramics, Room 145",False,False
M.403-1983,1983.0,O323623,Biscuit tin,Inkstand,Reading,Huntley & Palmers,made for,1928,2019ME3241,tinplate,offset lithography,,In store,False,False
T.378-2017,2017.0,O1380126,shoe,Shoes,England,Rayne,,1978,2017JU6859,leather,shoe-making,,In store,False,False
452-1878,1878.0,O122423,Dish,Dish,Iran,Unknown,,ca. 1600-1640,2006BG5666,ceramic,painted,Safavid,"Ceramics, Room 145",False,False
T.573-2017,2017.0,O1379855,shoe,Shoes,England,Rayne,,1978,2017JU9532,leather,shoe-making,,In store,False,False
595-1889,1889.0,O85992,Sweetmeat tray,,Iran,Unknown,,ca. 1642-1666,2006AF7386,ceramic,painted,Safavid,"Ceramics, Room 137, The Curtain Foundation Gallery",False,False
E.890-1997,1997.0,O155106,Photograph,Portrait of Two Ladies,England,"Barnett, Henry Walter",photographer,1901,,glass,photography,,In store,False,False
S.457-2021,2021.0,O1622835,Plaque,Pavlova plaque,England,,,ca.1974,,ceramic,,,In store,False,False
C.58-2009,2009.0,O1140218,Bowl,,United Kingdom,Unknown,,20th century,2009CP8748,wood,,,"Ceramics, Room 143, The Timothy Sainsbury Gallery",False,False
1076-1876,1876.0,O122701,Bottle,,Iran,Unknown,,ca. 1587-1642,2007BP1361,ceramic,painted,Safavid,"Ceramics, Room 137, The Curtain Foundation Gallery",False,False
FE.9-2007,2007.0,O172868,Brush rest,,Vietnam,Unknown,,ca. 1725,2008BT2468,ceramic,fired,Qing,"Ceramics, Room 145",False,False
T.601-2017,2017.0,O1379248,shoe,Shoes,England,Rayne,,1970s,2017JU9802,leather,shoe-making,,In store,False,False
T.602-2017,2017.0,O1379249,shoe,Shoes,England,Rayne,,1970s,2017JU9806,leather,shoe-making,,In store,False,False
S.771-1991,1991.0,O1227412,Ceramic plaque,"First night gift, presented to Michael Annals",Great Britain,Unknown,makers,1974,2019MG7636,ceramic,modelling (forming),,In store,False,False
CIRC.75&A-1977,1977.0,O172221,Lamp and diffuser,Aurora,England,"Hunt, Martin",designer,ca. 1970,2009BY9695,ceramic,glazed,,In store,False,False
M.12-1992,1992.0,O71724,Neckpiece,,United States,"Freund, Elsa",designed and made by,1965,2022NH5197,silver,,,In store,False,False
S.83-2007,2007.0,O134278,Plate,Circus plate,Netherlands,Unknown,makers,mid 20th century,2017KM6063,ceramic,moulding,,In store,False,False
S.79-2007,2007.0,O134220,Dish,Circus dish,Netherlands,Unknown,makers,mid 20th century,2017KL4868,ceramic,moulding,,In store,False,False
407-1874,1874.0,O122433,Dish,,Iran,Unknown,,1666-1694,2006BG7779,ceramic,painted,Safavid,"Ceramics, Room 137, The Curtain Foundation Gallery",False,False
S.82-2007,2007.0,O134277,Plate,Circus plate,Netherlands,Unknown,makers,mid 20th century,2017KM5946,ceramic,moulding,,In store,False,False
CIRC.78&A-1977,1977.0,O172229,Lamp and diffuser,Diana,England,"Hunt, Martin",designer,ca. 1970,2009BY9702,ceramic,glazed,,In store,False,False
CIRC.80&A-1977,1977.0,O172233,Lamp base and lampshade,Apollo,England,"Hunt, Martin",designer,ca. 1970,2009BY9696,ceramic,glazed,,in store,False,False
S.80-2007,2007.0,O134275,Plate,Circus plate,Netherlands,Unknown,makers,mid 20th century,2017KM5923,ceramic,moulding,,In store,False,False
S.211-2021,2021.0,O1599189,Figurine,Mistress Quickly,Great Britain,"White, Michael",designers,1985,,clay,,,In store,False,False
S.81-2007,2007.0,O134276,Plate,Circus plate,Netherlands,Unknown,makers,mid 20th century,2017KM5924,ceramic,moulding,,In store,False,False
ME.28:1 to 7-2011,2011.0,O1194700,Ceramic,Silent Tears,San Francisco,"Hemami, Taraneh",artist,2011,2014GX2059,ceramic,firing (heating),,In store,False,False
S.317-1981,1981.0,O118621,Tile,The Merry Wives of Windsor,Hereford,Hereford Tiles,makers,ca.1964,2006AB9051,ceramic,firing (heating),,In store,False,False
WE.4119-2014,2014.0,O1743608,Trial tray,Tray of Queen's Ware Trials,Etruria,Josiah Wedgwood,Maker,ca. 1765,,wood,glazed,,"In store at the V&A Wedgwood Collection, Barlaston",False,False
S.1070-1996,1996.0,O1138395,Plaque,Plaque,Staffordshire,Unknown,,ca. 1780-1790,2017KM6539,Earthenware,ceramic,,In store,False,False
CIRC.151-1935,1935.0,O108496,Cup stand,Bowl stand,Henan,Unknown,,12th Century,2006AG6759,stoneware,ceramic process,Jun,"Ceramics, Room 137, The Curtain Foundation Gallery",False,False
289-1869,1869.0,O198583,Plate,,Vienna,"Förstler, Johann",artist,1797-1821,2009CC4788,porcelain,ceramic process,,"Ceramics, Room 143, The Timothy Sainsbury Gallery",False,False
C.42-2009,2009.0,O1140203,Brush pot,,United Kingdom,Unknown,,20th century,2011ER1928,wood,,,"Ceramics, Room 143, The Timothy Sainsbury Gallery",False,False
M.23-1992,1992.0,O322748,Table lamp,Bibibibi,Munich,"Maurer, Ingo",designer and maker,1982,2006AT8969,Metal,,Post-modernism,In store,False,False
FE.14-2007,2007.0,O172998,Spoon,,Vietnam,Unknown,,ca. 1725,2008BT0096,ceramic,fired,Qing,"Ceramics, Room 145",False,False
W.20:1 to 3-2013,2013.0,O1273310,Vessel,Botanica,Eindhoven,Studio Formafantasma,makers,2011,2015HW0473,shellac,,,In store,False,False
C.44-2009,2009.0,O1140205,Brush pot,,United Kingdom,Unknown,,20th century,2009CP8748,ceramic,,,"Ceramics, Room 143, The Timothy Sainsbury Gallery",False,False
T.559-2017,2017.0,O1379869,shoe,Shoes,England,Rayne,,1978,2017JU9343,leather,shoe-making,,In store,False,False
T.552-2017,2017.0,O1379917,shoe,Shoes,England,Rayne,,1978,2017JU9281,leather,shoe-making,,In store,False,False
T.550-2017,2017.0,O1379913,shoe,Shoes,England,Rayne,,1978,2017JU9250,leather,shoe-making,,In store,False,False
T.551-2017,2017.0,O1379915,shoe,Shoes,England,Rayne,,1978,2017JU9278,leather,shoe-making,,In store,False,False
T.607-2017,2017.0,O1379254,shoe,Shoes,England,Rayne,,1970s,2017JU9831,leather,shoe-making,,In store,False,False
FE.12-2007,2007.0,O172996,Spoon,,Vietnam,Unknown,,ca. 1725,2008BT0094,ceramic,fired,Qing,"Ceramics, Room 145",False,False
C.62-2009,2009.0,O1140223,Bowl,,London,"Rie, Lucie",maker,20th century,2009CP8748,ceramic,glazed,,"Ceramics, Room 143, The Timothy Sainsbury Gallery",False,False
184-1892,1892.0,O130676,Barometer,,France,Unknown,,1770-1790,2006BB1249,wood,gilding,,In store,False,False
FE.13-2007,2007.0,O172997,Spoon,,Vietnam,Unknown,,ca. 1725,2008BT0095,ceramic,fired,Qing,"Ceramics, Room 145",False,False
FE.11-2007,2007.0,O172989,Spoon,,Vietnam,Unknown,,ca. 1725,2008BT0093,ceramic,fired,Qing,"Ceramics, Room 145",False,False
C.47-2009,2009.0,O1140207,Bowl,,United Kingdom,Unknown,,20th century,2009CP8748,ceramic,,,"Ceramics, Room 143, The Timothy Sainsbury Gallery",False,False
748-1877,1877.0,O167895,Relief,Christ carrying the cross,Italy,"Ferri, Ciro",designer,first half of 17th century,2017JY0177,terracotta,enamel,,In store,False,False
T.251-1982,1982.0,O293358,Button,,,Lucie Rie,designer and maker,1945-1948,2019MC0085,,,,In store,False,False
FE.80-1997,1997.0,O69714,Mug,,Hong Kong,ProImage Ltd,designer and maker,1997,2010DE5341,,,,"Ceramics, Room 140, Factory Ceramics",False,False
FE.15-2007,2007.0,O172999,Spoon,,Vietnam,Unknown,,ca.1725,2008BT0097,ceramic,fired,Qing,"Ceramics, Room 145",False,False
T.187A-1971,1971.0,O285562,Button,,Czech Republic,Unknown,,1930-1940,2015HK4507,,,,In store,False,False
REPRO.1871:1-60,1871.0,O40919,Arch,,Madrid (city),"Trilles y Badenes, Jose (Sr)",caster,ca. 1871,2009CR9801,plaster,casting,Mudéjar,"Cast Courts, The Ruddock Family Cast Court, Room 46A",False,False
FE.48-1994,1994.0,O22610,Sculpture,Untitled,Korea,Bae Jin-hwan,maker,20th century,2006BC8880,,,,In store,False,False
C.92:1 to 4-2000,2000.0,O48734,Jar,,,"Uglow, Helena",artist,20th century,2009BX9946,,,,in store,False,False
C.101:1 to 3-2000,2000.0,O48744,Pot,,,"Uglow, Helena",artist,20th century,2009BY9506,,,,in store,False,False
T.187B-1971,1971.0,O285561,Button,,Czech Republic,Unknown,,1930-1940,2015HK4514,,,,In store,False,False
C.93:1 to 4-2000,2000.0,O48735,Jar,,,"Uglow, Helena",artist,20th century,2009BX9947,,,,in store,False,False
T.249D-1982,1982.0,O276025,Button,,Great Britain,Lucie Rie,designer and maker,1945-1948,2019MC0092,,,,In store,False,False
910-1888,1888.0,O118471,Ring,,France,Unknown,,1750-1800,2007BN0508,gold,,,"Jewellery, Rooms 91, The William and Judith Bollinger Gallery",False,False
C.102:1 to 5-2000,2000.0,O48745,Box and coasters,,,"Uglow, Helena",artist,20th century,2009BY6907,,,,in store,False,False
IM.565:11-1924,1924.0,O1141381,Lotus roundel,,Bengal,unknown,,ca. 15th century - 16th century,2010EA0690,,,Bengal Sultanate period,In store,False,False
C.707-1919,1919.0,O338456,Fragment,,Almería,Unknown,,14th century,2010EK3575,,,,In store,False,False
B.28-2010,2010.0,O1157726,Dolls head,,Germany,Armand,manufacturer,1913,,,,,In Store,False,False
C.100-2000,2000.0,O48743,Cover,,,"Uglow, Helena",maker,20th century,2009CA1756,,,,in store,False,False
C.95:1 to 3-2000,2000.0,O48737,Jar,,,"Uglow, Helena",artist,20th century,2009BX9944,,,,in store,False,False
T.251Y-1982,1982.0,O276023,Button,,Great Britain,Lucie Rie,designer and maker,1945-1948,2019MC0085,,,,In store,False,False
C.94:1 to 4-2000,2000.0,O48736,Jar,,,"Uglow, Helena",artist,20th century,2009BX9945,,,,in store,False,False
08257(IS) to 08257D/(IS),,O472488,Ceramic fragment,,,,,,2021MX4147,,,,In store,False,False
C.51:1-1995,1995.0,O10571,Percolator,Electromatic,Corning,Corning,maker,1961-2,2020MM4056,glass,mould blown,,in store,False,False
T.187-1971,1971.0,O285563,Button,,Czech Republic,Unknown,,1930-1940,2015HK4514,,,,In store,False,False
S.1095-1996,1996.0,O1138420,Urn,,,Josiah Wedgwood and Sons,makers,1978,2017KM6437,,,,In store,False,False
C.99-2000,2000.0,O48742,Jug,,,"Uglow, Helena",maker,20th century,2009CA1717,,,,in store,False,False
T.249-1982,1982.0,O293439,Button,,Great Britain,Lucie Rie,designer and maker,1945-1948,2019MC0092,,,,In store,False,False
CIRC.103-1964,1964.0,O381923,Necklace,,Great Britain,Winifred Gill,maker,ca.1916,,glass,,,In store,False,False
M.206-2011,2011.0,O1241640,Ring,,Europe,Unknown,,1780-1800,,gold,,,In store,False,False
S.505-2001,2001.0,O105738,Puppet,,China,,,,2019LV4219,ceramic,sewing,,In store,False,False
S.260-1979,1979.0,O63818,Stage property,,,,,ca. 1920,,metal,,,In store,False,False
T.220:1 to 3-1993,1993.0,O352579,Evening trouser suit,,London,"Brines, Roger",designer,ca. 1969,2012FK1739,silk (textile),sewing,,In store,False,False
M.126-1962,1962.0,O126175,Pendant,,England,Unknown,,1791,2006BG9006,gold,engraving,,"Jewellery, Rooms 91 to 93  mezzanine, The William and Judith Bollinger Gallery",False,False
T.248QQ-1982,1982.0,O293441,Button,,London,Lucie Rie,designer and maker,1945-1948,2014HJ2224,,,,In store,False,False
S.490-2001,2001.0,O105460,Puppet,,China,,,,2019LV4206,ceramic,sewing,,In store,False,False
CIRC.105-1964,1964.0,O378438,Necklace,,Great Britain,Winifred Gill,maker,ca.1916,,glass,,,In store,False,False
T.125-1965,1965.0,O285658,Button,,France,François Victor Hugo,designer,1939-1945,2015HN1540,,,,In store,False,False
FE.4-2006,2006.0,O134729,Vase,,China,Unknown,,,2019LM6897,,,,In store,False,False
T.248RR-1982,1982.0,O293440,Button,,London,Lucie Rie,designer and maker,1945-1948,2014HJ2224,,,,In store,False,False
T.248PP-1982,1982.0,O293442,Button,,London,Lucie Rie,designer and maker,1945-1948,2014HJ2224,,,,In store,False,False
S.433-2001,2001.0,O103129,Puppet,Italian rod puppet,Italy,Unknown,maker,19th century,2019LV3928,wood,carving,,In store,False,False
E.1198-1992,1992.0,O155102,Photograph,photo-ceramic portrait of woman and girl,,"Barnett, Henry Walter",photographer,1901,,,,,In store,False,False
S.502-2001,2001.0,O105726,Puppet,,China,,,,2019LV4218,ceramic,sewing,,In store,False,False
S.498-2001,2001.0,O105684,Puppet,,China,,,,2019LV4214,ceramic,sewing,,In store,False,False
S.489-2001,2001.0,O105459,Puppet,,China,,,,2019LV4205,ceramic,sewing,,In store,False,False
FE.354:1 to 2-2022,2022.0,O1723217,Jar,Puraedoggi ,Korea,Hanmiyo-baessi toga,,2022,2022NG8731,Clay,Firing,,Hallyu! The Korean Wave,False,False
FE.32-2017,2017.0,O1385692,Ceramic vase,,South Korea,"Ahn, Seong Man (Mr)",maker,2015,2017JW1909,earthenware,three-dimensional printing,,"Design 1900 to Now, Room 76",False,False
S.501-2001,2001.0,O105725,Puppet,,China,,,,2019LV4217,ceramic,sewing,,In store,False,False
CD.129-2016,2016.0,O1348035,Tile,Cut Out Tiles,Liverpool,Assemble,made,2015-2016,,ceramic tile,torn,21st century,In Store,False,False
CD.130-2016,2016.0,O1348036,Tile,Cut Out Tiles,Liverpool,Assemble,made,2015-2016,,ceramic tile,torn,21st century,In Store,False,False
CD.137-2016,2016.0,O1372653,Tile,Cut Out Tiles,Liverpool,Assemble,made,2015-2016,,ceramic tile,torn,21st century,In Store,False,False
FE.31-2017,2017.0,O1385690,Ceramic vase,,South Korea,"Ahn, Seong Man (Mr)",maker,2015,2017JW1907,Earthenware,three dimensional printing,,"Design 1900 to Now, Room 76",False,False
B.31-2010,2010.0,O1157762,Doll,,Germany,"Eisenmann & co, tradename Einco",manufacturer,1914,,,,,In Store,False,False
CD.135-2016,2016.0,O1372651,Tile,Cut Out Tiles,Liverpool,Assemble,made,2015-2016,,ceramic tile,torn,21st century,In Store,False,False
S.434-2001,2001.0,O103130,Puppet,Italian rod puppet,Italy,Unknown,maker,19th century,2019LV3929,wood,carving,,In store,False,False
C.468-1923,1923.0,O72726,Panel,,Delft,Unknown,,1710-50,2007BP0967,,,,"Ceramics, Room 145",False,False
S.497-2001,2001.0,O105679,Puppet,,China,,,,2019LV4213,ceramic,sewing,,In store,False,False
CD.125-2016,2016.0,O1348031,Tile,Cut Out Tiles,Liverpool,Assemble,made,2015-2016,,ceramic tile,torn,21st century,In Store,False,False
S.507-2001,2001.0,O105770,Puppet,,China,,,,2019LX5823,ceramic,sewing,,In store,False,False
B.306:1 to 8-2012,2012.0,O1257391,Miniature Teaset,,England,unknown,maker,c.1900,,ceramic,,,In Store,False,False
CD.131-2016,2016.0,O1348037,Tile,Cut Out Tiles,Liverpool,Assemble,made,2015-2016,,ceramic tile,torn,21st century,In Store,False,False
S.261-2012,2012.0,O1245400,Award,Potters Trophy,,,,1979,2014HA1077,ceramic,fired,,in store,False,False
WE.7999-2014,2014.0,O1651533,Trial,Portland Vase,Etruria,Josiah Wedgwood and Sons,,1789,2021NA8962,ceramic,wheel-thrown,,"V&A Wedgwood Collection, Gallery 1, 18th century displays",False,False
ME.21-2020,2020.0,O1531506,Knife,Black Sheep/Toolbox,,,,,2021MV9524,ceramic,,,In store,False,False
CD.123-2016,2016.0,O1348029,Tile,Cut Out Tiles,Liverpool,Assemble,made,2015-2016,,ceramic tile,torn,21st century,In Store,False,False
CD.127-2016,2016.0,O1348033,Tile,Cut Out Tiles,Liverpool,Assemble,made,2015-2016,,ceramic tile,torn,21st century,,False,False
WE.1-2019,2019.0,O1463465,Retort,,Etruria (Stoke-on-Trent),Josiah Wedgwood's factory,manufacturer,ca. 1795,,Ceramic,,,"V&A Wedgwood Collection, Gallery 1, 18th century displays",False,False
FE.167-1974,1974.0,O108673,Bowl,Bowl,Henan,Unknown,,12th century,2006BB5169,ceramic,,Northern Song,"China, Room 44, The T.T. Tsui Gallery",False,False
WE.7998-2014,2014.0,O1651535,Trial,Portland Vase,Etruria,Josiah Wedgwood and Sons,made,1789,2021NA8978,ceramic,wheel-thrown,,"V&A Wedgwood Collection, Gallery 1, 18th century displays",False,False
B.302:1 to 8-2012,2012.0,O1257387,Miniature Teaset,,Wareham,Sandford pottery,designers,1950s,,ceramic,,,In Store,False,False
CD.136-2016,2016.0,O1372652,Tile,Cut Out Tiles,Liverpool,Assemble,made,2015-2016,,ceramic tile,torn,21st century,In Store,False,False
WE.4107-2014,2014.0,O1736154,Pyrophorus vase,,Etruria,Josiah Wedgwood and Sons,manufacturer,ca. 1813,,ceramic,moulding,,"V&A Wedgwood Collection, Gallery 2, 19th to 21st century displays",False,False
WE.4081-2014,2014.0,O1736140,'Japan' pattern platter,,Etruria,Josiah Wedgwood and Sons,manufacturer,1810,,ceramic,enamelling,,"V&A Wedgwood Collection, Gallery 2, 19th to 21st century displays",False,False
B.262-2011,2011.0,O1247730,Doll,Lulu the Red Cross doll ,England,Sampson Hancock & Sons,manufacturer,1916,,ceramic,moulded,,In Store,False,False
B.29-2010,2010.0,O1157744,Doll,,Germany,armand,manufacturer,1913,,,,,In Store,False,False
B.303:1 to 11-2012,2012.0,O1257388,Miniature Teaset,,England,unknown,maker,c.1900,,ceramic,,,In Store,False,False
ME.43-2020,2020.0,O1500931,Tile,,,,,,2021MV7648,ceramic,,,In store,False,False
742-1864,1864.0,O340794,Lekythos,,Greece,,,5th Century,2008BR9424,ceramic,painted,,In store,False,False
C.177-1914,1914.0,O340683,Lamp,,Syria,,,,2008BR9516,ceramic,glazed,,In store,False,False
7:32-1877,1877.0,O1486652,Tile,,Iran,Unknown,,1800-1825,2018LB5826,Ceramic,,Qajar,In store,False,False
7:14-1877,1877.0,O1486310,Tile,,Iran,Unknown,,1800-1825,2018LB5826,Ceramic,,Qajar,In store,False,False
ME.46-2020,2020.0,O1532415,Tile,,,,,,2021MV7657,ceramic,,,In store,False,False
C.139-1965,1965.0,O147319,Dish,,China,Unknown,,1200-1234,2010EA8381,ceramic,painted,Jin,"Ceramics, Room 137, The Curtain Foundation Gallery",False,False
ME.17-2020,2020.0,O1531502,Knife,Black Sheep/Toolbox,,,,,2021MV9512,ceramic,,,In store,False,False
IM.195-1923,1923.0,O166208,Tile,,Kashmir,Unknown,,17th century,,earthenware,glazed,,"South Asia, Room 41",False,False
7:11-1877,1877.0,O1486315,Tile,,Iran,Unknown,,1800-1825,2018LB5826,Ceramic,,Qajar,In store,False,False
CIRC.438-1973,1973.0,O277881,Tile,,,"Anderson, Sally",designer,1972,2017KB2538,ceramic,,,In store,False,False
1676-1892,1892.0,O113295,Tile,,Bursa,Unknown,,ca. 1420,2006AW4231,ceramic,firing,Ottoman,"Islamic Middle East, Room 42, The Jameel Gallery",False,False
7:18-1877,1877.0,O1486320,Tile,,Iran,Unknown,,1800-1825,2018LB5826,Ceramic,,Qajar,In store,False,False
WE.4985-2014,2014.0,O1599174,Tea cup,,Barlaston,Josiah Wedgwood and Sons,manufacturer,20th century,,ceramic,,,"On display at Erasmus Darwin House, Lichfield",False,False
B.521-2012,2012.0,O1263263,mug,Family at breakfast,Staffordshire,Barbara vernon,designer,1937 - 1952,,ceramic,transfer printing,,In Store,False,False
,2023.0,O1742664,,,,,,,,ceramic,,,In store,False,False
B.309:1-2012,2012.0,O1257394,Miniature Teaset,,England,,,,,ceramic,painted,,In Store,False,False
7:31-1877,1877.0,O1486651,Tile,,Iran,Unknown,,1800-1825,2018LB5826,Ceramic,,Qajar,In store,False,False
7:8-1877,1877.0,O1486303,Tile,,Iran,Unknown,,1800-1825,2018LB5826,Ceramic,,Qajar,In store,False,False
WE.22:1-2021,2021.0,O1675043,Teacup,,Stoke-on-Trent,Josiah Wedgwood and Sons,maker,1953-1954,2022ND7613,ceramic,,,"V&A Wedgwood Collection, Gallery 2, 19th to 21st century displays",False,False
ME.1-2021,2021.0,O1510659,Tile panel,,,,,,,ceramic,,,In store,False,False
C.41-1935,1935.0,O147322,Bowl,,China,unknown,maker,1200-1234,2010CT5935,ceramic,painted,Jin,"Ceramics, Room 137, The Curtain Foundation Gallery",False,False
IS.55-2002,2002.0,O80535,Dish,,Sukhothai,Unknown,,15th century,2009CR0802,Ceramic,,,"Ceramics, Room 137, The Curtain Foundation Gallery",False,False
WE.23:2-2021,2021.0,O1713203,Saucer,,Stoke-on-Trent,Josiah Wedgwood and Sons,maker,1953-1954,2022ND7617,ceramic,,,"V&A Wedgwood Collection, Gallery 2, 19th to 21st century displays",False,False
7:15-1877,1877.0,O1486316,Tile,,Iran,Unknown,,1800-1825,2019MC1655,Ceramic,,Qajar,In store,False,False
IM.279-1923,1923.0,O166206,Tile,,Kashmir,Unknown,,17th century,,,,,"South Asia, Room 41",False,False
ME.10-2020,2020.0,O1531495,Knife,Black Sheep/Toolbox,,,,,2021MV9528,ceramic,,,In store,False,False
C.28-2008,2008.0,O297237,Plate assemblage,"Rose Border Multiple, Multiple Blue 1",Finland,"Slotte, Caroline",artist,2007,2009BY9744,ceramic,,,"Ceramics, Room 145",False,False
